{
  "$schema": "http://schema.management.azure.com/schemas/2015-01-01/deploymentTemplate.json#",
  "contentVersion": "1.0.0.0",
  "parameters": {
    "newVMName": {
      "type": "string",
      "metadata": {
        "description": "The name of the new vm to be created."
      }
    },
    "existingLabName": {
      "type": "string",
      "metadata": {
        "description": "The name of an existing lab where the new vm will be created."
      }
    },
    "existingCustomImageId": {
      "type": "string",
      "metadata": {
        "description": "The id of an existing custom image which will be used to create the new vm. The specified image must exist in the lab (identified via the 'existingLabName' parameter)."
      }
    },
    "newVMSize": {
      "type": "string",
      "metadata": {
        "description": "The size of the new vm to be created."
      }
    },
    "userName": {
      "type": "string",
      "metadata": {
        "description": "The username for the local account that will be created on the new vm."
      }
    },
    "password": {
      "type": "securestring",
      "metadata": {
        "description": "The password for the local account that will be created on the new vm."
      }
    }
  },
  "variables": {
    "labSubnetName": "[concat(variables('labVirtualNetworkName'), 'Subnet')]",
    "labVirtualNetworkId": "[resourceId('Microsoft.DevTestLab/labs/virtualnetworks', parameters('existingLabName'), variables('labVirtualNetworkName'))]",
    "labVirtualNetworkName": "mitchell__azure",
    "resourceName": "[concat(parameters('existingLabName'), '/', parameters('newVMName'))]",
    "resourceType": "Microsoft.DevTestLab/labs/virtualMachines"
  },
  "resources": [
    {
      "apiVersion": "2016-05-15",
      "type": "Microsoft.DevTestLab/labs/virtualMachines",
      "name": "[variables('resourceName')]",
      "location": "[resourceGroup().location]",
      "properties": {
        "customImageId": "[parameters('existingCustomImageId')]",
        "size": "[parameters('newVMSize')]",
        "isAuthenticationWithSshKey": false,
        "userName": "[parameters('userName')]",
        "sshKey": "",
        "password": "[parameters('password')]",
        "labVirtualNetworkId": "[variables('labVirtualNetworkId')]",
        "labSubnetName": "[variables('labSubnetName')]"
      }
    }
  ],
  "outputs": {
    "vmId": {
      "type": "string",
      "value": "[resourceId(variables('resourceType'), parameters('existingLabName'), parameters('newVMName'))]"
    }
  }
}