{
  "$schema": "http://schema.management.azure.com/schemas/2015-01-01/deploymentParameters.json#",
  "contentVersion": "1.0.0.0",
  "parameters": {
    "newVMName": {
      "value": "MyVM1pwdcus"
    },
    "existingLabName": {
      "value": "GaryTestLab"
    },
    "existingCustomImageId": {
      "value": "/subscriptions/352b4bd5-2f5d-4e82-ab23-37e96afc58b1/resourcegroups/garytestlabrg037817/providers/microsoft.devtestlab/labs/garytestlab/customimages/sqlddrive"
    },
    "newVMSize": {
      "value": "Standard_A4"
    },
    "userName": {
      "value": "SomeAdmin"
    },
    "password": {
      "value": "SomePassword!"
    }
  }
}